id,prompt_index,prompt
6,0,"Underwater tornado affecting the ocean floor in a dramatic and chaotic scene. The water is murky, swirling violently, carrying debris and marine life into the vortex. Schools of fish scatter in panic, trying to avoid the powerful currents. Coral reefs and rocks are uprooted and tossed around, creating a tumultuous environment. In the background, large schools of fish swim away from the chaos, while smaller organisms cling to whatever they can find for safety. The camera remains stationary, capturing the intensity of the underwater tornado as it disrupts the serene ocean floor. Close-up shot emphasizing the turbulent motion and destruction."
6,1,"The underwater vortex intensifies its grip on the seabed, pulling a rusted, barnacle-encrusted anchor from the sand. The heavy iron object spins lethargically at first before being whipped upward into the murky funnel, smashing through floating debris with violent force. Sediment billows in thick clouds around the base of the tornado, obscuring the terrified marine life darting through the gloom. The chaotic currents tear at the ocean floor, exposing deeper layers of rock and silt as the destruction mounts. Close-up shot emphasizing the turbulent motion and destruction."
6,2,"The underwater tornado rages with unrelenting fury, now dislodging a massive, ancient shipwreck rib from the sediment. The curved wooden beam, blackened by time, groans silently as it is wrenched free and sucked into the spiraling column of water. Murky currents thrash wildly, tossing the heavy timber like a twig amidst the swirling sand and uprooted coral. Smaller debris clatters against the rotating wood, adding to the visual chaos of the deep-sea storm. The vortex dominates the frame, a terrifying engine of nature reshaping the seabed. Close-up shot emphasizing the turbulent motion and destruction."
6,3,"The violent vortex now ensnares a large, glowing jellyfish, dragging its long, bioluminescent tentacles into the chaotic spiral. The delicate creature spins helplessly, its translucent bell pulsing rapidly against the crushing force of the murky water. Swirling currents rip through the surrounding gloom, tossing sand and fragmented shells in every direction as the tornado dominates the seabed. The glowing blue light of the jellyfish streaks through the darkness, creating a ghostly blur within the churning debris field. Close-up shot emphasizing the turbulent motion and destruction."
6,4,"The swirling underwater vortex now seizes a heavy, encrusted treasure chest, its lid flapping open as it is torn from the ocean floor. Gold coins and silver trinkets spill out, glittering briefly in the murky water before being swept instantly into the violent funnel. The heavy wooden box tumbles end over end, colliding with floating rocks and adding to the debris field. Swirling sediment and bubbles surround the spilling fortune, highlighting the chaotic power of the storm as it ravages the seabed. Close-up shot emphasizing the turbulent motion and destruction."
6,5,"The violent underwater tornado continues its rampage, now ripping a massive, stone tiki statue from its resting place on the ocean floor. The carved face of the heavy idol spins wildly as it is sucked into the murky vortex, colliding with swirling rocks and sand. Debris crashes against the stone surface, chipping away at its ancient features while the chaotic currents drag it higher into the funnel. The surrounding water remains thick with sediment, obscuring the background as the heavy statue becomes another victim of the deep-sea storm. Close-up shot emphasizing the turbulent motion and destruction."
8,1,"A medium close-up of a serene, young East Asian woman with long pink hair, wearing a simple white gown that flows softly around her. She stands amidst gently falling sakura petals, which swirl around her, partially obscuring her figure in a dreamy, ethereal haze. Her delicate features are calm and tranquil as she gazes off into the distance. The background is blurred, featuring a soft pink and white sky with faint outlines of cherry blossom branches. The scene is bathed in a gentle, diffused light, creating a soft, dreamlike atmosphere."
8,2,"In a serene, still environment, a woman gently lifts her hand towards a delicate flower petal, her fingertips barely touching the wisps of smoke floating nearby. She has a soft, contemplative expression on her face, and her hand moves slowly and gracefully. The scene is captured from a medium close-up angle, focusing on her hand and the petal, with the subtle movement and interaction emphasized. The background is blurred, creating a gentle focus on the main action. The lighting is soft and diffused, adding to the tranquil atmosphere."
8,3,"A gentle breeze rustles through the air, causing cherry blossom petals to dance gracefully around a young woman's outstretched hand. She stands with a serene expression, wearing a traditional hanfu gown with flowing sleeves. The background showcases a tranquil garden with a winding path and blooming cherry trees. Soft sunlight filters through the leaves, casting dappled shadows on the ground. The scene is captured in a medium close-up, focusing on her hand and the swirling petals, with a slow pan to reveal the beautiful surroundings."
8,4,"A serene woman with closed eyes and soft, resting eyelashes, exuding a sense of tranquility and peace. She sits gracefully with her hands gently folded in her lap, wearing a flowing, pastel-colored dress that complements her calm demeanor. The lighting is soft and diffused, casting a gentle glow over her face. The background is a blurred, natural setting with hints of greenery and a tranquil atmosphere. The camera focuses closely on her face, capturing the subtle rise and fall of her breath as she maintains a peaceful composure. Close-up shot, emphasizing her serene expression and the gentle movement of her body."
8,5,"A serene nature scene where a young woman with flowing hair and a gentle expression steps forward gracefully on a grassy meadow. In the background, a small bird flutters and lands on a nearby tree branch. The woman's soft movements contrast with the bird's quick flight, creating a peaceful and harmonious atmosphere. The camera follows her as she moves, capturing the delicate interplay between the woman and the natural world in a medium close-up. The lighting is soft and natural, casting a warm glow over the scene."
8,6,"A serene moment captured in a magical realism style, where a graceful bird perches delicately on the outstretched finger of a woman. The bird has vibrant plumage and a calm demeanor. Pink and faint cyan-blue smoke begins to swirl and thicken around them, gently enveloping the scene in a soft, misty haze. The woman stands gracefully, her hand extended, with a serene expression. The background is a dimly lit, cozy room with warm wooden elements and soft lighting, adding to the enchanting atmosphere. Medium close-up shot focusing on the interaction between the woman and the bird, with the smoke swirling in the foreground."
11,1,"In a serene autumn clearing bathed in the warm, golden hues of late afternoon sunlight filtering through tall maple trees, a carpet of vibrant red and orange leaves blankets the ground. A rustic wooden footbridge arches gracefully over a gently trickling stream. Center frame, a sleek silver-gray house cat trots briskly across the leaf-strewn ground, its tail flicking energetically. As a cool breeze stirs, more leaves swirl and dance across the lens, adding a dynamic motion to the tranquil scene. Medium shot capturing the cat in motion against the backdrop of falling leaves."
11,2,"In a lush forest setting, a playful house cat bounds towards the treeline, leaping gracefully over a fallen log. Mid-stride, the cat transforms into a sleek, smoky brown wildcat with tufted ears and lean, powerful muscles. It continues to run swiftly through the drifting autumn leaves, propelled by its agility and strength. The camera follows the wildcat in a smooth tracking shot, capturing the dynamic motion and the rich, vibrant colors of the forest floor."
11,3,"In the warm golden hour, a wildcat leaps gracefully across a sparkling stream. As it runs, its body broadens and its fur transforms from its original color to a deep russet tone, morphing seamlessly into a sleek red fox. The fox's bushy, vibrant plume tail catches the sunlight, illuminating its swift movement as it dashes forward. The scene is captured from a dynamic tracking shot, emphasizing the fluid transition and the natural beauty of the changing landscape. Close-up and mid-shot transitions highlight the transformation and the glowing amber sky."
11,4,"In twilight, a red fox races across an old stone bridge, its chest heaving and coat gradually graying as it transforms into a majestic gray wolf mid-jump. The wolf then gallops through an open forest clearing, leaping over a babbling stream, and continues up the hillside. The sky transitions from orange to deep purple, with stars beginning to twinkle overhead. The camera follows the wolf's swift movement, starting from a medium shot on the bridge and zooming out to a wide-angle view of the wolf bounding towards the hillside under the fading light."
11,5,"In a serene moonlit forest, the transformation of a wolf into an antelope unfolds gracefully. Initially, the wolf's limbs elongate and refine, its fur shortening from its dense winter coat to a sleek, tawny color. As it shifts, small horns begin to emerge from its forehead. The antelope then swiftly bounds between trees, leaping over obstacles with ease, and finally clearing a tranquil stream in a single graceful leap. The camera captures this magical metamorphosis with smooth tracking shots and close-ups, emphasizing the fluidity and beauty of the change."
11,6,"In a mystical scene under the bright moonlight, an antelope gradually transforms into a powerful horse. Initially, the antelope has a slender frame with a rich chestnut coat. As the transformation progresses, it grows taller and heavier, developing the muscular build and sturdy legs of a horse. The horse then begins to gallop majestically towards the horizon, its mane flowing freely in the wind. Its hooves rhythmically ring against the leaf-strewn ground, seamlessly completing the metamorphosis from cat-like agility to equine power. The scene is captured in a sweeping aerial shot, emphasizing the fluidity and grace of the transformation."
14,1,"Close-up from the left side of a forest clearing, focus on a little girl in a light pink tulle dress with long flowing brown hair. She gazes slightly upward with a gentle, serene expression. The ground is covered in green grass and scattered wildflowers, with light mist creating an ethereal atmosphere. Sunbeams filter through the tall tree branches, casting dappled light. The scene is rendered in fantasy realism with soft, dreamy lighting, emphasizing the magical quality of the forest."
14,2,"A slow pullback reveals a glowing magical stone appearing on the right side of the frame. In the center, a young girl remains stationary, her expression serene and focused. Sunbeams filter through the clouds, shifting slightly as the camera moves backward, casting gentle shadows across the scene. The background gradually comes into view, showcasing a mystical forest with tall trees and vibrant greenery. The camera captures the magic and wonder of the moment in a medium-wide shot."
14,3,"Start with a close-up of a young boy in a blue robe adorned with a light tulle cloak as he enters from the right side of the frame. As he stops, the camera slowly pulls back to reveal a girl watching him intently from a few feet away. In the background, a large stone statue remains stationary, adding a sense of permanence and stillness to the scene. The environment is a dimly lit, ancient-looking room with stone walls and pillars. The camera movement emphasizes the interaction between the characters and their surroundings, capturing their expressions and body language clearly. Medium to wide shot transition."
14,4,"A slight pan and pullback reveal a young boy nodding his head, his face showing a mixture of curiosity and determination. In response, a young girl raises her hand in acknowledgment, her expression serene and focused. Both children stand near a luminous stone that continues to emit a soft, warm glow, casting gentle light over the surrounding area. The scene takes place in a dimly lit forest clearing, with tall trees and dense undergrowth visible in the background. Medium shot transitioning to wide shot."
14,5,"In a serene forest clearing, a young woman with flowing blonde hair turns towards a young man standing beside her. As the camera pulls to a medium shot, the couple's intimate moment is revealed against a backdrop of vibrant wildflowers and wisps of mist gently hovering above the ground. The environment is bathed in soft, natural light, enhancing the romantic atmosphere. The camera movement smoothly captures the subtle shift in their positions, bringing the entire scene into clear focus."
14,6,"Wide shot: A young boy in a casual outfit walks out to the right, while a girl stays stationary to the left. In the middle of a fully lit forest clearing, a luminous stone emits a warm glow, surrounded by drifting mist and soft sunbeams filtering through the canopy. The camera pans slowly to follow the boy as he moves, capturing the serene beauty of the misty landscape and the mystical ambiance created by the glowing stone."
20,0,"A majestic lion named Leo stands regally in the heart of a dense jungle, embodying the essence of a king. Leo has a golden mane that flows gracefully around his broad shoulders, and his piercing amber eyes survey the landscape with confidence and authority. He is positioned on a rocky outcrop, towering over the lush greenery below. The background showcases a vibrant jungle scene with tall trees, cascading vines, and dappled sunlight filtering through the canopy. Leo's posture is proud and commanding, with his tail held high. The scene is captured from a medium close-up perspective, emphasizing Leo’s powerful stance and the regal aura surrounding him."
20,1,"Leo shifts his powerful weight slightly on the rocky outcrop, his golden mane rippling as he does so. Suddenly, he opens his massive jaws to release a deep, resonant roar that vibrates through the humid air, revealing his formidable white teeth. The dappled sunlight filtering through the canopy dances across his fur as his chest expands with the effort. The vibrant jungle remains lush and green around him, with tall trees and cascading vines framing his commanding figure. A medium close-up perspective emphasizing Leo’s powerful stance and the regal aura surrounding him."
20,2,"Leo maintains his regal position on the rocky outcrop as the humid jungle air settles around his broad shoulders. He suddenly lowers his massive head to sniff a vibrant blue butterfly that has fluttered near his nose, his piercing amber eyes momentarily softening with curiosity. The dappled sunlight continues to filter through the tall trees and cascading vines, illuminating the golden hues of his mane against the lush green background. His tail remains held high, a symbol of his enduring authority over the landscape. A medium close-up perspective emphasizing Leo’s powerful stance and the regal aura surrounding him."
20,3,"Leo stands tall on the rocky outcrop in the heart of the dense jungle, his golden mane glowing in the dappled sunlight. He lifts a massive paw to swipe gently at a low-hanging vine that dangles just within his reach, testing its texture with sharp claws. His piercing amber eyes remain alert, scanning the lush greenery and tall trees that surround him. The vibrant background of cascading vines and filtered light frames his regal form perfectly. A medium close-up perspective emphasizing Leo’s powerful stance and the regal aura surrounding him."
20,4,"Leo remains on the rocky outcrop in the heart of the dense jungle, his golden mane catching the filtered light. He suddenly turns his head sharply to the left, his ears twitching as he focuses on a brightly colored parrot that lands on a nearby branch. His piercing amber eyes lock onto the bird with intense focus, analyzing the new arrival amidst the tall trees and cascading vines. The lush greenery provides a vibrant backdrop as he stands with authority, his posture commanding and proud. A medium close-up perspective emphasizing Leo’s powerful stance and the regal aura surrounding him."
20,5,"Leo stands regally on the rocky outcrop in the heart of the dense jungle, his golden mane flowing around his broad shoulders. He dips his head low to lap cool water from a small, clear puddle that has formed in a crevice of the stone, his rough tongue splashing gently. His piercing amber eyes briefly close in satisfaction before reopening to survey the lush greenery, tall trees, and cascading vines. The dappled sunlight filters through the canopy, highlighting the wet fur on his muzzle. A medium close-up perspective emphasizing Leo’s powerful stance and the regal aura surrounding him."
153,0,"90s VHS-style The Weather Channel scene, featuring a weatherman standing in front of a green screen with a large map of storm systems behind him. The weatherman, dressed in a casual but professional outfit, points emphatically at the rapidly moving storms on the map. His face shows concern and urgency as he speaks directly to the camera. The background map displays swirling patterns indicating severe weather conditions. The overall scene has a vintage, grainy texture with the characteristic noise and color palette of old VHS recordings. Medium close-up shot focusing on the weatherman's gestures and expressions."
153,1,"The weatherman now reaches into his pocket and pulls out a chunky black walkie-talkie, pressing it against his ear with a sudden look of intense focus. He nods sharply while listening to an urgent update, his brow furrowing deeper under the studio lights. The green screen map behind him flickers slightly as the swirling storm systems intensify in color, shifting from red to deep purple. The vintage VHS grain distorts the edges of his suit jacket as he lowers the device and turns back to address the viewers with renewed alarm. Medium close-up shot focusing on the weatherman's gestures and expressions."
153,2,"The weatherman suddenly unrolls a large, paper topographic map across a small stand that appears from the side, smoothing out the creases with frantic energy. He traces a specific mountain range with his finger, highlighting a dangerous path the storm is taking, his eyes wide with genuine fear. The digital map behind him glitches momentarily, syncing with his analogue demonstration as the VHS static rolls vertically across the frame. The studio lights reflect off the glossy paper surface as he taps a specific valley location repeatedly. Medium close-up shot focusing on the weatherman's gestures and expressions."
153,3,"The weatherman abruptly grabs a bright red marker pen from the desk edge and begins circling a specific coastal city directly on the camera lens itself. He draws a jagged, erratic line across the glass to simulate the storm's unpredictable path, his hand shaking slightly with adrenaline. The ink squeaks audibly against the surface as the green screen map behind him pulses with warning icons. The VHS static buzzes louder, momentarily distorting his face as he caps the marker and stares intensely through his red drawings. Medium close-up shot focusing on the weatherman's gestures and expressions."
153,4,"The weatherman now lifts a large, distinct ""Hurricane Warning"" sign made of heavy cardboard, holding it up beside his face for the audience to see clearly. The blocky red letters on the sign contrast sharply with his beige suit as he taps the edge of the board for emphasis. Behind him, the digital map swirls violently, the green screen effects blending slightly with the edges of the physical prop. The VHS tracking lines jitter horizontally across the bottom of the frame, enhancing the retro aesthetic as he maintains intense eye contact. Medium close-up shot focusing on the weatherman's gestures and expressions."
153,5,"The weatherman suddenly dons a bright yellow rain slicker over his suit, struggling momentarily with the snaps as he prepares for a simulated outdoor report. He pulls the hood up over his head, framing his face tightly while the green screen behind him shifts to show footage of swaying palm trees and flying debris. The synthetic material of the coat reflects the studio lights with a harsh glare, adding to the chaotic atmosphere. The grainy VHS texture creates color bleeding around the vibrant yellow fabric as he shouts over imaginary wind. Medium close-up shot focusing on the weatherman's gestures and expressions."
200,0,"A female astronaut in a full spacesuit, including an astronaut helmet, is running swiftly away from an unknown threat. She has a determined and focused expression on her face. The spacesuit is sleek, silver, and equipped with various gadgets and sensors. Her hair is visible under the helmet, flowing behind her as she runs. The background shows a desolate, rocky landscape with distant mountains and a dark, starry sky. The scene captures a medium shot of the woman mid-run, emphasizing her speed and urgency."
200,1,"The silver-suited astronaut sprints across the rocky terrain, but now she firmly clutches a glowing red geological scanner in her right hand, its lights pulsing rhythmically against the dark environment. Her expression remains intense under the helmet visor as she navigates the uneven ground, the sleek gadgets on her suit reflecting faint starlight. The desolate landscape stretches endlessly around her, framed by jagged mountains in the distance. The medium shot tracks alongside her movement, keeping pace with her urgent stride against the backdrop of the vast, starry void. medium shot mid-run speed urgency"
200,2,"The female astronaut races forward across the jagged terrain, her silver spacesuit gleaming against the dark void. Suddenly, a small drone detaches from her shoulder armor and hovers briefly before zooming ahead to scout the path. Her face remains locked in focused determination behind the helmet visor as her hair shifts with her rapid movement. The desolate rocky ground and looming distant mountains provide a stark backdrop to her flight. The camera maintains a medium shot of the woman mid-run, emphasizing her speed and urgency"
200,3,"The female astronaut sprints across the desolate, rocky landscape, her silver spacesuit reflecting the cold starlight. As she runs, she suddenly raises her left arm to activate a holographic map projected from her wrist gauntlet, displaying a complex grid of blue lines and waypoints. Her expression remains fierce and concentrated behind the helmet visor while her hair moves with the momentum of her stride. The dark mountains loom in the distance under the starry sky. The scene captures a medium shot of the woman mid-run, emphasizing her speed and urgency"
200,4,"The female astronaut dashes across the uneven, rocky ground, her sleek silver spacesuit shimmering under the starry sky. Without slowing her rapid pace, she reaches to her belt and deploys a luminous blue energy flare, dropping it behind her to mark her trail. Her face is set in a look of grim determination inside the helmet, with strands of hair floating with her motion. The dark, desolate landscape and distant mountains rush by as she flees. The scene captures a medium shot of the woman mid-run, emphasizing her speed and urgency"
200,5,"The silver-clad astronaut sprints relentlessly across the treacherous rocky terrain, her breath fogging the corner of her helmet visor. As she runs, she suddenly taps a control on her chest plate, causing a pair of bright white headlights to activate on either side of her helmet, cutting through the darkness ahead. Her determined eyes scan the illuminated path while the desolate landscape and jagged mountains blur in the background. The starry sky hangs heavy above her swift escape. The scene captures a medium shot of the woman mid-run, emphasizing her speed and urgency"
312,0,"A young woman standing in the rain, looking up at the sky with a warm, inviting smile on her face. She is dressed in a light, flowy dress that clings to her form as droplets of water fall around her. Her hair is gently tousled from the rain, framing her delicate features. The background shows a blurred cityscape with tall buildings and the faint glow of streetlights. The scene captures the serene beauty of a rainy evening. Medium close-up, static shot focusing on the girl's face and upper body."
312,2,"The young woman remains framed against the soft blur of city lights, the rain now glistening on her skin as she slowly extends her right hand palm-up to catch the falling droplets. Her expression shifts slightly to one of quiet wonder as the water pools in her cupped fingers. The light fabric of her dress continues to sway subtly with the gentle wind, emphasizing the damp atmosphere. The distant streetlights create bokeh orbs behind her silhouette. Medium close-up, static shot focusing on the girl's face and upper body."
312,3,"The young woman in the light, flowy dress now closes her eyes, tilting her head back slightly to let the rain wash over her face. She reaches into her pocket and pulls out a bright red origami crane, holding it delicately between her fingers. The paper quickly darkens as it absorbs the moisture, contrasting with the blurred gray cityscape behind her. Her hair is plastered more closely to her cheeks by the persistent downpour, while the streetlights cast a soft, shimmering glow on the wet paper bird. Medium close-up, static shot focusing on the girl's face and upper body."
312,4,"The young woman in the soaked flowy dress opens her eyes and suddenly unfurls a small, transparent umbrella with a floral pattern above her head. The rain drums rhythmically against the plastic canopy, creating a protective bubble around her upper body while water streams down the sides. The red paper crane she held previously is now tucked away or gone, replaced by her grip on the curved umbrella handle. The blurred city lights reflect beautifully on the wet surface of the umbrella as she gazes forward with renewed calmness. Medium close-up, static shot focusing on the girl's face and upper body."
312,5,"The young woman stands beneath the transparent floral umbrella, the rain creating a rhythmic patter on its surface. She reaches up with her free hand and adjusts a pair of round, gold-rimmed glasses onto the bridge of her nose, blinking behind the lenses as they catch the ambient city light. Her damp hair frames her face, and the light dress clings softly to her form in the humid air. The blurred cityscape behind her glows with the warmth of streetlights, enhancing the serene mood. Medium close-up, static shot focusing on the girl's face and upper body."
334,0,"A stylish, young woman riding a sleek black motorcycle down a bustling city street. She wears a fitted leather jacket, dark sunglasses, and a helmet with a visor up, revealing her confident expression. Her posture is relaxed yet controlled as she grips the handlebars firmly. The motorcycle's engine roars as she navigates through traffic. The urban backdrop includes tall buildings, street signs, and passing cars, creating a vibrant, dynamic scene. Medium shot focusing on the girl and the motorcycle, capturing the energy of the city."
334,1,"The stylish young woman on the sleek black motorcycle leans slightly to the right as she smoothly changes lanes. Her fitted leather jacket gleams under the city lights, and her dark sunglasses reflect the passing scenery. With her helmet visor up, a faint smile plays on her lips, showing her enjoyment of the ride. Suddenly, she extends her left hand to adjust the side mirror, briefly checking the reflection of the vibrant urban backdrop behind her before returning her grip to the handlebars. Medium shot focusing on the girl and the motorcycle, capturing the energy of the city."
334,2,"The stylish young woman on the sleek black motorcycle accelerates gently, causing her hair to flutter beneath the edge of her helmet. Her fitted leather jacket remains snug against the wind, while her dark sunglasses shield her eyes from the glare. As she cruises past towering skyscrapers and vibrant street signs, she reaches down with her right hand to toggle a switch on the dashboard, activating the motorcycle's bright turn signal. The urban environment blurs slightly in the background, emphasizing her focused movement through the traffic. Medium shot focusing on the girl and the motorcycle, capturing the energy of the city."
334,3,"The stylish young woman on the sleek black motorcycle maintains her steady pace through the busy urban corridor. Her fitted leather jacket and dark sunglasses remain prominent against the backdrop of tall buildings and passing cars. With her helmet visor up, her confident expression is clear as she navigates the road. As she rides, she briefly lifts her left boot to shift gears, pressing down decisively on the pedal near the footrest. The engine note changes pitch slightly, blending with the city noise, while street signs flash by in the background. Medium shot focusing on the girl and the motorcycle, capturing the energy of the city."
334,4,"The stylish young woman on the sleek black motorcycle rides confidently forward amidst the bustling traffic. Her fitted leather jacket and dark sunglasses stay consistent with her cool demeanor, while the helmet visor remains up. As she passes a row of tall buildings and street signs, she suddenly raises her left hand to wave at a pedestrian standing on the nearby sidewalk. Her posture stays relaxed despite the momentary gesture, and she quickly returns her hand to the grip to maintain control. The urban backdrop continues to provide a vibrant, dynamic atmosphere around her. Medium shot focusing on the girl and the motorcycle, capturing the energy of the city."
334,5,"The stylish young woman on the sleek black motorcycle rides forward, her fitted leather jacket absorbing the ambient city light. She wears dark sunglasses and keeps her helmet visor up, maintaining a confident, relaxed expression amidst the towering buildings and passing cars. While cruising through the vibrant urban scene, she briefly tilts her head to glance at a large digital billboard flashing colorful advertisements above the street. Her grip on the handlebars remains steady as she takes in the glowing display before refocusing on the road ahead. Medium shot focusing on the girl and the motorcycle, capturing the energy of the city."
